conditioning,horizon,gdp_growth
0,1,0.3306434635154789
0,1,0.3796826814598499
0,1,0.40811051117656943
0,1,0.3304332634982534
0,1,0.3887353378748832
0,1,0.4955729037113012
0,1,0.49216831285724616
0,1,0.4993943355339772
0,1,0.345048592664921
0,1,0.4546949236254119
0,1,0.5075878828783705
0,1,0.33281620769969433
0,1,0.5066076083204409
0,1,0.47607218906154936
0,1,0.40017234154742104
0,1,0.43889718746754863
0,1,0.38242374082353303
0,1,0.33469466262302255
0,1,0.47542412495304337
0,1,0.3325314542810837
0,1,0.3743514659648157
0,1,0.3285318766731274
0,1,0.3349603464819613
0,1,0.3320559213807707
0,1,0.496894099371325
0,1,0.47773629327425915
0,1,0.49617123787603107
0,1,0.42801234249098574
0,1,0.32760391478859235
0,1,0.32669405413353164
0,1,0.4984399862945222
0,1,0.32659961608824084
0,1,0.32810678925068587
0,1,0.3327664173531139
0,1,0.36912478898329687
0,1,0.5049826637009553
0,1,0.3774862267791398
0,1,0.3901083444119874
0,1,0.501200057648154
0,1,0.34484796550869135
0,1,0.33066412664966094
0,1,0.3319763015349116
0,1,0.5068571337103738
0,1,0.4963920850430963
0,1,0.34530246254870184
0,1,0.4958944029664859
0,1,0.3324538372345326
0,1,0.38512067621326096
0,1,0.34072724491768536
0,1,0.5029182680388318
0,1,0.43208927080761717
0,1,0.5051373255235573
0,1,0.49158312280115335
0,1,0.33008670917696026
0,1,0.38351983946229745
0,1,0.45089991543031416
0,1,0.5008172995024553
0,1,0.3339165557063155
0,1,0.48434990850409204
0,1,0.41339914261412164
0,1,0.4639151804246961
0,1,0.44757110490014296
0,1,0.3957438772410984
0,1,0.4559942912856888
0,1,0.5004949551728543
0,1,0.4323592669517113
0,1,0.3354465357716591
0,1,0.3369919673381736
0,1,0.4963703493855572
0,1,0.4880169287434541
0,1,0.5050894635867678
0,1,0.49724056419413637
0,1,0.4994843862462646
0,1,0.35184747575037606
0,1,0.4635673341862226
0,1,0.5024006171245282
0,1,0.38865042722929066
0,1,0.5068549900242683
0,1,0.4277703647169283
0,1,0.33915973150693113
0,1,0.32695506696287097
0,1,0.3275590651495104
0,1,0.40936823946645046
0,1,0.3967073231616845
0,1,0.42197559124222606
0,1,0.4965643886191322
0,1,0.5011487809879203
0,1,0.33075318225892103
0,1,0.3301198114803336
0,1,0.4996158743534475
0,1,0.4587890828329613
0,1,0.5023895109772005
0,1,0.3348624700826894
0,1,0.4590532426119259
0,1,0.4985345076145747
0,1,0.3262211444527705
0,1,0.3261080806112608
0,1,0.3895227125376125
0,1,0.4974304092348818
0,1,0.3361432259001788
0,1,0.3347582325648019
0,1,0.32706372243184134
0,1,0.33325964903554495
0,1,0.3561780509521577
0,1,0.5041346545223209
0,1,0.34992445432116065
0,1,0.4996951369636275
0,1,0.49758453193186225
0,1,0.36012262759774916
0,1,0.5083783123485965
0,1,0.33670454148215306
0,1,0.38619684146426125
0,1,0.32978724857315816
0,1,0.328716651041841
0,1,0.4647588094679039
0,1,0.39299946443177464
0,1,0.4941456581174616
0,1,0.4977468154754338
0,1,0.39325026981620753
0,1,0.49651288397614235
0,1,0.5089263624443141
0,1,0.5004005346056547
0,1,0.5000624696402108
0,1,0.3351541080779738
0,1,0.336394024457878
0,1,0.3367804914119848
0,1,0.41057727869126487
0,1,0.3392525143895231
0,1,0.502405920886791
0,1,0.46123308850659794
0,1,0.38990532818362955
0,1,0.497353079861162
0,1,0.5088224445791509
0,1,0.3343843878363431
0,1,0.379409760569912
0,1,0.46362556555980583
0,1,0.39042113720109595
0,1,0.3928182766528451
0,1,0.43087144160918667
0,1,0.4855457913803787
0,1,0.39403119865081115
0,1,0.32888963805619353
0,1,0.32857108112176825
0,1,0.3308525831974164
0,1,0.5053045101121603
0,1,0.346084092380545
0,1,0.4979635276707839
0,1,0.4994170173992175
0,1,0.496771078100043
0,1,0.5058297628137663
0,1,0.3362642248959258
0,1,0.3298107227174425
0,1,0.37769138804677965
0,1,0.5060799477600215
0,1,0.46952968589680033
0,1,0.3548603890308438
0,1,0.403490544570066
0,1,0.5063468586077731
0,1,0.3275893495981648
0,1,0.3262819555352502
0,1,0.46239774158632657
0,1,0.49942197662709825
0,1,0.5091178410167488
0,1,0.3847332447355866
0,1,0.5012758634131097
0,1,0.33410301390833486
0,1,0.32696441532836523
0,1,0.44185159599752716
0,1,0.3320670807357368
0,1,0.3339597637242891
0,1,0.3278579125418564
0,1,0.3925398705351939
0,1,0.33419100698958937
0,1,0.3445427693184313
0,1,0.49593041510424407
0,1,0.3661196236444014
0,1,0.3362291280396182
0,1,0.46378843327198954
0,1,0.3343442392169971
0,1,0.47019239850646477
0,1,0.4969786065331477
0,1,0.46151679498046094
0,1,0.40771820566647954
0,1,0.5075221053421847
0,1,0.504274786359848
0,1,0.4222623831750591
0,1,0.4833965723963631
0,1,0.3425381557888613
0,1,0.3643721605618324
0,1,0.3276212360468345
0,1,0.3918252620425401
0,1,0.49623883803568075
0,1,0.38135946326876324
0,1,0.3876651487508309
0,1,0.4598694273752625
0,1,0.47737926911782685
0,1,0.3299536961987401
0,1,0.3362491822933629
0,1,0.3699587973936848
0,1,0.4134785500230211
0,1,0.3330504964618716
0,1,0.4920066980476606
0,1,0.4742542750475754
0,1,0.4474886929801137
0,1,0.42786839002035054
0,1,0.45635161317803946
0,1,0.4824923040628921
0,1,0.5002336639049567
0,1,0.32954687279875094
0,1,0.4194830170294594
0,1,0.3323259894915541
0,1,0.4508878871357239
0,1,0.3577516618242925
0,1,0.5085063973335113
0,1,0.4083980278828576
0,1,0.352475889985222
0,1,0.37295523570074013
0,1,0.3311964351357885
0,1,0.505232696262425
0,1,0.3370272479433275
0,1,0.33360342961184897
0,1,0.49902078713276404
0,1,0.3335215145574484
0,1,0.4956492162064225
0,1,0.35469954033792067
0,1,0.40186617164489025
0,1,0.483344744266738
0,1,0.4993606248787822
0,1,0.3832212660827986
0,1,0.3791343129931295
0,1,0.4955129746556166
0,1,0.382743822552867
0,1,0.5061350056719824
0,1,0.5060644417790874
0,1,0.32655215806786325
0,1,0.32857488675914054
0,1,0.3893417647795724
0,1,0.388996686643548
0,1,0.5028086140503786
0,1,0.369606565343681
0,1,0.46931934919417717
0,1,0.5055598412292411
0,1,0.506836082469966
0,1,0.3918418253890078
0,1,0.49802305251417345
0,1,0.3279853392357944
0,1,0.3498999334352604
0,1,0.38805064485935675
0,1,0.45873350928167433
0,1,0.32840843249746393
0,1,0.3343251512289172
0,1,0.44010318203750065
0,1,0.3308472188198517
0,1,0.33678818331403937
0,1,0.33864759659583177
0,1,0.5048916106935979
0,1,0.48806101507011646
0,1,0.4956668936216909
0,1,0.32894733755283395
0,1,0.5034550596325799
0,1,0.32794566972948525
0,1,0.5067175679288348
0,1,0.4991529463178775
0,1,0.33383825922643895
0,1,0.37170266190207313
0,1,0.3351229621733405
0,1,0.4992415362530317
0,1,0.33089931799781924
0,1,0.5012395529737118
0,1,0.3292959962351457
0,1,0.4746629936364504
0,1,0.4590131300808929
0,1,0.4975703024500645
0,1,0.45766581044975374
0,1,0.46944099103247694
0,1,0.3349192568972948
0,1,0.4405588390410802
0,1,0.5006541262553884
0,1,0.3575933269606843
0,1,0.3439540852804438
0,1,0.4368809033875209
0,1,0.5036314065779911
0,1,0.41943552984631033
0,1,0.5080724298566739
0,1,0.4964071734051746
0,1,0.32700841956315835
0,1,0.32719358228073075
0,1,0.33358901246702133
0,1,0.39227691860112646
0,1,0.3723771615835823
0,1,0.5030128903459098
0,1,0.32706404921667315
0,1,0.502183822281032
0,1,0.3910364952450392
0,1,0.49581317452219387
0,1,0.3276062561282141
0,1,0.45885749404311205
0,1,0.343171883113384
0,1,0.33209263248354565
0,1,0.43522912314212103
0,1,0.4967482697907781
0,1,0.4334398223672938
0,1,0.3392517066172073
0,1,0.5062183318161174
0,1,0.412359801307722
0,1,0.33482060734170416
0,1,0.5022704667987232
0,1,0.40638526905934036
0,1,0.3743518256265972
0,1,0.5056615965445602
0,1,0.5026597887997767
0,1,0.35425114420580184
0,1,0.3362864610361821
0,1,0.32693920408603766
0,1,0.49988164400940227
0,1,0.3335193604839611
0,1,0.43818400978588296
0,1,0.4104180463839149
0,1,0.32610559735222366
0,1,0.3662445076398956
0,1,0.5021720859174691
0,1,0.4519309258850107
0,1,0.37114832050807617
0,1,0.5064789766734492
0,1,0.3367985374884789
0,1,0.4139621669392371
0,1,0.3742777256046363
0,1,0.5067938476019903
0,1,0.4789354962364877
0,1,0.3295759682109763
0,1,0.4045988914167997
0,1,0.3678433575517282
0,1,0.504453742555297
0,1,0.43742293642982155
0,1,0.33821690067169313
0,1,0.49770889056282375
0,1,0.3261922856435731
0,1,0.4964653247294491
0,1,0.3651906653765866
0,1,0.5050408301621512
0,1,0.36786006999779736
0,1,0.501014881926832
0,1,0.4237540041162701
0,1,0.4380359981109387
0,1,0.38239574946343413
0,1,0.43419800757564475
0,1,0.36212317589445053
0,1,0.4730193071846132
0,1,0.4606389431391946
0,1,0.5052378768958372
0,1,0.5045477728392859
0,1,0.36209324606388565
0,1,0.32607761095894355
0,1,0.5041181454604534
0,1,0.44376844726664616
0,1,0.3345188984561997
0,1,0.494608659374773
0,1,0.3789225054625473
0,1,0.5037873877295312
0,1,0.5023498082490346
0,1,0.39249877189942695
0,1,0.33231166496733616
0,1,0.33258043030383133
0,1,0.5055719811911626
0,1,0.43319289846431436
0,1,0.33375727224927915
0,1,0.5042056978100161
0,1,0.5001912073051981
0,1,0.3341511542201301
0,1,0.502463081358335
0,1,0.3301790790802686
0,1,0.47932335920639435
0,1,0.4025995767587693
0,1,0.3330206697873655
0,1,0.5057343535138837
0,1,0.33108764062381607
0,1,0.5083390375486952
0,1,0.40387045735991123
0,1,0.3384706332113003
0,1,0.4166661175424715
0,1,0.337440716199865
0,1,0.49687285760564226
0,1,0.4815229776791332
0,1,0.45135688240931965
0,1,0.3259950761322873
0,1,0.33435893929134236
0,1,0.43142465419187165
0,1,0.3286307289416829
0,1,0.49159219654830755
0,1,0.5026768170068426
0,1,0.3268843263843877
0,1,0.32969702475434315
0,1,0.465339704585164
0,1,0.501321878878522
0,1,0.33053088775694045
0,1,0.36420554990277576
0,1,0.4958928385527035
0,1,0.4053598342862258
0,1,0.5055147888724815
0,1,0.41349374396872596
0,1,0.3355616114042973
0,1,0.5057677190684655
0,1,0.32638923481670884
0,1,0.4382334313732353
0,1,0.3318873848091042
0,1,0.4341231692853814
0,1,0.4491413757335587
0,1,0.43096031329734735
0,1,0.5091253085155603
0,1,0.3326977505521386
0,1,0.4967005503753886
0,1,0.5009838083995918
0,1,0.4602112501339411
0,1,0.3308669939216229
0,1,0.5007017571388754
0,1,0.5049653254351681
0,1,0.3934550796830838
0,1,0.5025290053164828
0,1,0.40450338537335995
0,1,0.41690675059326754
0,1,0.454336328036006
0,1,0.3704632750770125
0,1,0.4537568061738532
0,1,0.5053294551268009
0,1,0.3514724318214368
0,1,0.46374903508902277
0,1,0.3454340471286453
0,1,0.3337564196307975
0,1,0.5071112054853927
0,1,0.4836108714417102
0,1,0.48201828869745317
0,1,0.5036164133119809
0,1,0.47087073661275286
0,1,0.33702077255476687
0,1,0.5048215075841967
0,1,0.4364147113180382
0,1,0.48872947049808607
0,1,0.3264660741164832
0,1,0.36773203938489635
0,1,0.39435160279784764
0,1,0.32967293219941435
0,1,0.5073457742378596
0,1,0.48708747991948087
0,1,0.4970606173449054
0,1,0.3485502406717114
0,1,0.3482106650735101
0,1,0.3336987283662854
0,1,0.34419297717335967
0,1,0.4842930135609784
0,1,0.5086883608817996
0,1,0.32621936082660175
0,1,0.46093002716996084
0,1,0.33532695061031315
0,1,0.42931831985902663
0,1,0.4366285968340059
0,1,0.4135160195157197
0,1,0.5073564485491572
0,1,0.507765181962034
0,1,0.5042402079622466
0,1,0.3599714098561075
0,1,0.3331402677521298
0,1,0.4508931958552487
0,1,0.33546401776024415
0,1,0.32657105439528544
0,1,0.4156613410866199
0,1,0.3268975240597425
0,1,0.49871955926593925
0,1,0.4958554294488109
0,1,0.47962190302116336
0,1,0.330300147273381
0,1,0.3683700890450881
0,1,0.3614788360688388
0,1,0.49517921052146097
0,1,0.4990449456206376
0,1,0.4051716109266914
0,1,0.49866350230237966
0,1,0.47818348673962563
0,1,0.4970728750745691
0,1,0.3260996864276376
0,1,0.4079279556773875
0,1,0.499476846250109
0,1,0.32642739089000994
0,1,0.41871048147330736
0,1,0.45676115142575846
0,1,0.3847727097072798
0,1,0.33298289292973265
0,1,0.45544001654287947
0,1,0.5019684383717776
0,1,0.330884361426836
0,1,0.4946757609201338
0,1,0.33371746193713947
0,1,0.4717883745939539
0,1,0.3713301148950807
0,1,0.3266144409796607
0,1,0.49892452329556203
0,1,0.4971107964446508
0,1,0.34999376385850745
0,1,0.4805121819806515
0,1,0.4077650126032
0,1,0.38916542497585155
0,1,0.4077414846318099
0,1,0.5054838657011019
0,1,0.3740863029687967
0,1,0.5046209453935607
0,1,0.4452783874066922
0,1,0.49035383048116576
0,1,0.33160656139359135
0,1,0.5008252792277084
0,1,0.5059858233341744
0,1,0.48845372947850063
0,1,0.3614691151815038
0,1,0.335114269528202
0,1,0.5055157051557797
0,1,0.5017533604671388
0,1,0.3291964237799526
0,1,0.3777179810710823
0,1,0.5032692553678867
0,1,0.5029843660057809
0,1,0.3725121884757654
0,1,0.3349102576377378
0,1,0.36494573528088803
0,1,0.4518895697338336
0,1,0.36068423390501425
0,1,0.3419582897763246
0,1,0.3322526437909886
0,1,0.3381277175715764
0,1,0.3290510034143305
0,1,0.385476557316064
0,1,0.5045487357265098
0,1,0.4981580438747354
0,1,0.42783131711032407
0,1,0.3655636472312951
0,1,0.41457942692531913
0,1,0.32780580385947106
0,1,0.3506478657737604
0,1,0.3566168981604962
0,1,0.3268066191906599
0,1,0.5045320210384093
0,1,0.5043785598334324
0,1,0.3789045327041319
0,1,0.5066924832566317
0,1,0.49550217214064757
0,1,0.46778475725349566
0,1,0.3303976325372036
0,1,0.33589159070515096
0,1,0.4703026512605336
0,1,0.3339910520354856
0,1,0.4628209975678412
0,1,0.3347728322887061
0,1,0.3844073681619795
0,1,0.3416865884104478
0,1,0.3983330630267268
0,1,0.5029821391966552
0,1,0.3593074761820102
0,1,0.40990777250563315
0,1,0.3900779523813102
0,1,0.49898393770204613
0,1,0.5039560185446869
0,1,0.3624274086495159
0,1,0.433585609311775
0,1,0.33667640089071943
0,1,0.4805294622540213
0,1,0.46308494071092815
0,1,0.42228469896417675
0,1,0.34684835770946093
0,1,0.4903750947515527
0,1,0.5083314569699964
0,1,0.5065370553806517
0,1,0.3939537986634672
0,1,0.3813807357822643
0,1,0.45575072677780365
0,1,0.4682382803185525
0,1,0.32920918307103675
0,1,0.4669928940861352
0,1,0.388894363966268
0,1,0.5035898945982978
0,1,0.44721866323783993
0,1,0.3766975381725342
0,1,0.5072385349244591
0,1,0.5078912915974015
0,1,0.46922054509928085
0,1,0.3633425998814642
0,1,0.506840865912325
0,1,0.33049645040798215
0,1,0.32763391608245274
0,1,0.4016588972857713
0,1,0.4974244462374084
0,1,0.3273488142687953
0,1,0.3283413874644462
0,1,0.33424006451301136
0,1,0.4510415530598044
0,1,0.33297083584038656
0,1,0.36372725867981526
0,1,0.5046073761825165
0,1,0.41522126092078837
0,1,0.4047270183333714
0,1,0.47229772749055227
0,1,0.3267387178738215
0,1,0.36592123256054826
0,1,0.5092015778958754
0,1,0.33089987895998674
0,1,0.3338767277402585
0,1,0.3841253955477849
0,1,0.33275315960618645
0,1,0.3279099801492096
0,1,0.49500192793062014
0,1,0.3362465467754256
0,1,0.39762681530569266
0,1,0.4990295141993921
0,1,0.3928408773606344
0,1,0.4528532819568752
0,1,0.5005318257594754
0,1,0.3474790011443483
0,1,0.5023041375362846
0,1,0.32715819731510776
0,1,0.49633004999743485
0,1,0.49995920443664393
0,1,0.3548487313311144
0,1,0.3313887943545659
0,1,0.37650174006705034
0,1,0.3312024259044354
0,1,0.3801206540986512
0,1,0.5057545137146681
0,1,0.5004455708209323
0,1,0.39597921831911237
0,1,0.33050343867067355
0,1,0.3951261880268712
0,1,0.3363714506342383
0,1,0.4092118218003578
0,1,0.35659527168826105
0,1,0.32782311363711253
0,1,0.49842142327770594
0,1,0.3846494714106652
0,1,0.34345098936517654
0,1,0.5089156769232909
0,1,0.4974524212108372
0,1,0.469008448967775
0,1,0.49799301601917445
0,1,0.32994249686886956
0,1,0.333015566570476
0,1,0.4248809265426998
0,1,0.32807211739179043
0,1,0.35513311376508877
0,1,0.43581637937382717
0,1,0.3366195629514945
0,1,0.3268530389636516
0,1,0.5038160968833337
0,1,0.4989146363238647
0,1,0.4109739014599198
0,1,0.49959056131402096
0,1,0.47866424128513335
0,1,0.3297890729930028
0,1,0.34456291467222716
0,1,0.3711805656852188
0,1,0.501250119459191
0,1,0.5059759318822985
0,1,0.47232928511879746
0,1,0.4576344913502592
0,1,0.35964326109221456
0,1,0.3784979645304859
0,1,0.3476432955589427
0,1,0.4071092820391375
0,1,0.3666277772424115
0,1,0.32831701257486434
0,1,0.3510246515487316
0,1,0.4104020892245872
0,1,0.3337710297227628
0,1,0.39623981169027517
0,1,0.5041211181004154
0,1,0.33677006884056965
0,1,0.327079027517978
0,1,0.3372813861577716
0,1,0.47734720470232683
0,1,0.42793812989295227
0,1,0.5021134505410098
0,1,0.3310657068127778
0,1,0.35579066088054917
0,1,0.4832172582407859
0,1,0.3525518820670695
0,1,0.36829408609184405
0,1,0.4574209943303352
0,1,0.3878176845759983
0,1,0.4827683206002302
0,1,0.4987475395278688
0,1,0.4985645512920266
0,1,0.5072875212097555
0,1,0.3476459976467672
0,1,0.45787579066063383
0,1,0.41025920579384834
0,1,0.3657600642819572
0,1,0.37467883034534943
0,1,0.40398442777717
0,1,0.3269108653130987
0,1,0.501244595086374
0,1,0.49551492433003513
0,1,0.33580721839697436
0,1,0.4293737706103974
0,1,0.3290943983195639
0,1,0.327929155274101
0,1,0.4991502194116404
0,1,0.32863014522611467
0,1,0.39461440752117216
0,1,0.41066299226430825
0,1,0.3336611730983565
0,1,0.5060623492949868
0,1,0.48832558192265985
0,1,0.5085395592233333
0,1,0.328897485176836
0,1,0.37305260238619664
0,1,0.3925537193989312
0,1,0.3572612240280961
0,1,0.5059177453102521
0,1,0.505288917186617
0,1,0.4980821528389523
0,1,0.3309763882480107
0,1,0.45038070354528725
0,1,0.46862798038254855
0,1,0.3558884167235684
0,1,0.4556534164155917
0,1,0.3526346075758095
0,1,0.39563391393795033
0,1,0.40492750069281547
0,1,0.33400746283699373
0,1,0.3406946846096077
0,1,0.3352398955944982
0,1,0.5069389336488178
0,1,0.49698127472683123
0,1,0.3616064247948879
0,1,0.3272116816882468
0,1,0.4248665984335568
0,1,0.39033171229204855
0,1,0.3366742911896583
0,1,0.5048496807513293
0,1,0.49602962260880845
0,1,0.33247756988027843
0,1,0.3281464823226647
0,1,0.3361738812970693
0,1,0.4969452941077954
0,1,0.3757882095998037
0,1,0.4845986983098957
0,1,0.36045800105421566
0,1,0.3282204265532117
0,1,0.4278355217867378
0,1,0.5004739153333301
0,1,0.35828168110107905
0,1,0.3338458962964772
0,1,0.3301249018040283
0,1,0.3353314090390285
0,1,0.45371461921605916
0,1,0.3263234809064169
0,1,0.4601576605568087
0,1,0.5091125567431567
0,1,0.44756197691294497
0,1,0.3372734743312476
0,1,0.4739584556740895
0,1,0.34122837527564553
0,1,0.4981088714507948
0,1,0.3329193295645162
0,1,0.4962622233547407
0,1,0.3327337859703774
0,1,0.3366030166749045
0,1,0.32960825142938904
0,1,0.5049969950911466
0,1,0.3779670146565966
0,1,0.3808467235380379
0,1,0.32748878632827766
0,1,0.4302485724990499
0,1,0.4972276978453244
0,1,0.5069248157425557
0,1,0.3995721364942194
0,1,0.5042559623908357
0,1,0.3800157813103812
0,1,0.5028128550714845
0,1,0.34563831983179166
0,1,0.5054491941741418
0,1,0.48090649002231367
0,1,0.339890129438258
0,1,0.3265701197651244
0,1,0.3268593936396657
0,1,0.3315638342482341
0,1,0.3799402418197723
0,1,0.33638740379635207
0,1,0.4135906037569682
0,1,0.33531142302977696
0,1,0.43568730873539374
0,1,0.3323246603029077
0,1,0.3988795524716677
0,1,0.32991849771482873
0,1,0.38265590977239955
0,1,0.5022882220031373
0,1,0.3356604220875971
0,1,0.488155206086276
0,1,0.5000507144142033
0,1,0.4642414244840736
0,1,0.327242112478244
0,1,0.4434890987740841
0,1,0.4763056030489241
0,1,0.49506784379558505
0,1,0.40815125967932014
0,1,0.5035138502127555
0,1,0.46320266065740445
0,1,0.3329257437697348
0,1,0.4834329251646065
0,1,0.4818980252777648
0,1,0.5024308774708721
0,1,0.33147869588778045
0,1,0.46099318162977354
0,1,0.40053129112291264
0,1,0.33022313457483654
0,1,0.40203202612458466
0,1,0.3269021751370504
0,1,0.45216382238171976
0,1,0.3840541964501648
0,1,0.3260012118020607
0,1,0.43027462835753194
0,1,0.4011438694567868
0,1,0.5082336334773132
0,1,0.46534032718827467
0,1,0.40165231591072625
0,1,0.3334154507641267
0,1,0.3669921486099329
0,1,0.33350391597282136
0,1,0.46168118290337534
0,1,0.5057748059934877
0,1,0.3323161064359563
0,1,0.3321349939683478
0,1,0.3827329560838245
0,1,0.3346273112745162
0,1,0.4485961112316796
0,1,0.335035021096937
0,1,0.3264102967799739
0,1,0.4867183879334528
0,1,0.4836941589559292
0,1,0.3313062258390918
0,1,0.49361566641453636
0,1,0.3289083775260246
0,1,0.5021513598756027
0,1,0.41200567070235894
0,1,0.4965943136737838
0,1,0.3316310914048494
0,1,0.3359856167058967
0,1,0.47237240343164744
0,1,0.3327138951553145
0,1,0.3358628187391916
0,1,0.3286601333823249
0,1,0.3376282829132026
0,1,0.5049478083842299
0,1,0.5026541578870048
0,1,0.33493555395852653
0,1,0.39225933846624544
0,1,0.3311798816133312
0,1,0.32748099687931514
0,1,0.5010284137454915
0,1,0.5008358585005533
0,1,0.3956031763650739
0,1,0.4961848351833035
0,1,0.39987941845836594
0,1,0.4036693472053347
0,1,0.46306331429956765
0,1,0.32978363977479636
0,1,0.4899689174576198
0,1,0.3809663586581418
0,1,0.34982141758729374
0,1,0.3314225534878466
0,1,0.5080758309559538
0,1,0.3359064832461928
0,1,0.4980915668755545
0,1,0.5084332862775484
0,1,0.5019581102789936
0,1,0.5091050387821293
0,1,0.3658343377402462
0,1,0.3754565688216566
0,1,0.33059095669598043
0,1,0.5088945000329705
0,1,0.4437554935052522
0,1,0.3361853848824644
0,1,0.4416912536794556
0,1,0.3264053801365561
0,1,0.5087718850872714
0,1,0.4959884073145544
0,1,0.37391054393107764
0,1,0.3372444968212533
0,1,0.4982920585310223
0,1,0.328496607164785
0,1,0.32847085580736446
0,1,0.5049197214942194
0,1,0.33449422965897185
0,1,0.501777710264996
0,1,0.36153018394214487
0,1,0.45594093449159223
0,1,0.3479309196222737
0,1,0.326940936831699
0,1,0.5086960591126921
0,1,0.44038069017786746
0,1,0.38293247006569825
0,1,0.47915819627299056
0,1,0.4837234336091347
0,1,0.389427649350823
0,1,0.5040437525323932
0,1,0.3833643070237192
0,1,0.4987025845144563
0,1,0.3611792777486012
0,1,0.46752785407430275
0,1,0.3322783447669034
0,1,0.3268656118502244
0,1,0.3629174358576351
0,1,0.3314080608797722
0,1,0.32920220397379885
0,1,0.49709671726227234
0,1,0.3922041413539283
0,1,0.44049279012443804
0,1,0.5020271320779506
0,1,0.3343418671191002
0,1,0.3875150740092187
0,1,0.36637465723161466
0,1,0.3501386247175272
0,1,0.34491268745887527
0,1,0.5000808209969277
0,1,0.34754717099596877
0,1,0.3327919195057431
0,1,0.5070043520664744
0,1,0.4977250127696825
0,1,0.45593435330432497
0,1,0.33659266208499633
0,1,0.33335090861069083
0,1,0.501702978642532
0,1,0.3724853800886614
0,1,0.3329505731031031
0,1,0.5063101382442384
0,1,0.3288793668937217
0,1,0.4660712061749345
0,1,0.3566139634376425
0,1,0.3332162439827956
0,1,0.33013506183308944
0,1,0.3296914469485355
0,1,0.33310437573915563
0,1,0.4466281759903162
0,1,0.42089081214161617
0,1,0.41746258216313115
0,1,0.4972173759086925
0,1,0.33067866223381726
0,1,0.4134155716754962
0,1,0.3516665462838214
0,1,0.5042573227467223
0,1,0.4779700980379824
0,1,0.3543945071408537
0,1,0.3748274053862817
0,1,0.33493102708725525
0,1,0.46389118060543405
0,1,0.4986681789578103
0,1,0.5001398417558768
0,1,0.327743331246538
0,1,0.5013689786584501
0,1,0.504646970674337
0,1,0.3419994428965484
0,1,0.5046892959593287
0,1,0.3339308274764552
0,1,0.5026913842491707
0,1,0.40975083028868425
0,1,0.41669955992233165
0,1,0.5036667138094152
0,1,0.5008717917257877
0,1,0.42460462473658717
0,1,0.38672220708068084
0,1,0.45939907059406515
0,1,0.50424349075491
0,1,0.3515370622242671
0,1,0.5012571607910256
0,1,0.4993723878102182
0,1,0.3343498356363882
0,1,0.3391271039641336
0,1,0.35755147041029484
0,1,0.5050710829309721
0,1,0.5087996588508988
0,1,0.33496251512633085
0,1,0.49952042221906673
0,1,0.3576556548290622
0,1,0.49697422276481806
0,1,0.3341811890390475
0,1,0.33394667088499724
0,1,0.4032927387176333
0,1,0.33721026197550114
0,1,0.33656917069624576
0,1,0.5014733570722437
0,1,0.3279050718428496
0,1,0.502667895763414
0,1,0.32861730187208515
0,1,0.45827728830465686
0,1,0.3293317012848464
0,1,0.3467297084557985
0,1,0.32861567258302465
0,1,0.3347654292925433
0,1,0.332861563449535
0,1,0.33113731610063124
0,1,0.4955820652293146
0,1,0.32691677182447426
0,1,0.502768996630298
0,1,0.5034712208944885
0,1,0.3470329053328153
0,1,0.49814243446170725
0,4,0.494937260886526
0,4,0.5095500902426915
0,4,0.5468618904722521
0,4,0.509867819477067
0,4,0.730368964172124
0,4,0.8013933718348839
0,4,0.5302066530372814
0,4,0.5543602160503489
0,4,0.8282586307938268
0,4,0.8298110797892019
0,4,0.8092243814854493
0,4,0.8789970057134443
0,4,0.6366096399982718
0,4,0.6178459580487399
0,4,0.8081899632280927
0,4,0.4977031375209076
0,4,0.8224898579246127
0,4,0.8748687750782594
0,4,0.5307720637978782
0,4,0.5033708818094432
0,4,0.8543329438644143
0,4,0.7791826122580541
0,4,0.5261639923148584
0,4,0.5022579239011526
0,4,0.8821609666200525
0,4,0.9020093863380567
0,4,0.5034474936194709
0,4,0.8720451905122443
0,4,0.8241578370114198
0,4,0.8989574147810142
0,4,0.5067809768872439
0,4,0.8430965440014913
0,4,0.8531116124843924
0,4,0.5186870615128698
0,4,0.8810829121088138
0,4,0.5531451463189199
0,4,0.8942471088104815
0,4,0.5312617649788165
0,4,0.5269083789343013
0,4,0.7522716455134497
0,4,0.9049191681411941
0,4,0.8970594130401303
0,4,0.5104779499123296
0,4,0.800469904064391
0,4,0.523348295584324
0,4,0.8889080667709933
0,4,0.5996821703493878
0,4,0.495497833326975
0,4,0.5217107460951577
0,4,0.5505191146530322
0,4,0.6466608084905927
0,4,0.5214148079831559
0,4,0.857503291564461
0,4,0.7532888211848017
0,4,0.5146909842615214
0,4,0.5300432410853038
0,4,0.8394558732373543
0,4,0.8703237151048777
0,4,0.8604958289676019
0,4,0.8165544368733241
0,4,0.8587906006953689
0,4,0.8540382651773196
0,4,0.4991959858401499
0,4,0.5126476662070316
0,4,0.8201961148971886
0,4,0.8387721281385301
0,4,0.5959917244677226
0,4,0.5263175094860827
0,4,0.5934077132311686
0,4,0.6037365813130678
0,4,0.5307960048084073
0,4,0.8844213064398357
0,4,0.8048185742335779
0,4,0.5090656550036939
0,4,0.684498966505821
0,4,0.5067554543146212
0,4,0.8421267554816583
0,4,0.8073185684122561
0,4,0.8488554677103284
0,4,0.8398093592652534
0,4,0.7148919704364324
0,4,0.8622420571300852
0,4,0.8808762118134227
0,4,0.5243142700489639
0,4,0.5708343238637706
0,4,0.849251614643973
0,4,0.5793599455881699
0,4,0.8458198270373208
0,4,0.8565276478688179
0,4,0.7871272904916985
0,4,0.8619579062258971
0,4,0.818170216370081
0,4,0.8126946756790477
0,4,0.8916061618882134
0,4,0.8796282217746415
0,4,0.7201819114291266
0,4,0.5122579843751255
0,4,0.8816152626824252
0,4,0.523259119597908
0,4,0.5744654848531676
0,4,0.8365682105626989
0,4,0.5044241583419465
0,4,0.7977911418941104
0,4,0.8942042325337847
0,4,0.5428134820569933
0,4,0.6279225643895837
0,4,0.6201741586724224
0,4,0.7361011316713166
0,4,0.786778682365985
0,4,0.8560693133963138
0,4,0.8825443695351362
0,4,0.6201359553117983
0,4,0.5205762967242841
0,4,0.5033233908553696
0,4,0.5423548530174904
0,4,0.8512383029730641
0,4,0.5289588818355347
0,4,0.844492679247677
0,4,0.8499868960853054
0,4,0.892683592403224
0,4,0.7116273782254137
0,4,0.5076467345594318
0,4,0.8774597427766221
0,4,0.5292645867110565
0,4,0.7230823804720969
0,4,0.5036514985484738
0,4,0.5187548650688056
0,4,0.8664991148486582
0,4,0.8026743152202638
0,4,0.7894027642904093
0,4,0.8691943497848788
0,4,0.7989355106144977
0,4,0.521580031448527
0,4,0.8961570783990565
0,4,0.49720637751900015
0,4,0.6177344839091061
0,4,0.5220382043210079
0,4,0.49350825991840824
0,4,0.8128996642208841
0,4,0.9117441882907206
0,4,0.8133140511187071
0,4,0.846762935942116
0,4,0.8229522967588322
0,4,0.7204575127994363
0,4,0.7901590690790465
0,4,0.508454551709947
0,4,0.8357766955687671
0,4,0.8685385336179852
0,4,0.8536734274536693
0,4,0.7934285820219246
0,4,0.513881312505125
0,4,0.8735851943889414
0,4,0.493566175296048
0,4,0.5801072138602456
0,4,0.6169235412995282
0,4,0.9033360459060744
0,4,0.5230572475162224
0,4,0.7939363804293852
0,4,0.505134778418188
0,4,0.8416478414906599
0,4,0.7971527748940911
0,4,0.8655646138449424
0,4,0.7104254593135937
0,4,0.541591814493899
0,4,0.7202312733812335
0,4,0.5777288129536111
0,4,0.8531131059106537
0,4,0.8369620481218156
0,4,0.9002130504462357
0,4,0.6424289556424213
0,4,0.7938208875140134
0,4,0.5119112969141774
0,4,0.682764456984377
0,4,0.6417089171951184
0,4,0.8545731495460784
0,4,0.871313186112699
0,4,0.5187517393844779
0,4,0.8532867195900586
0,4,0.5503649894945366
0,4,0.8923920284984204
0,4,0.5222316738148102
0,4,0.6737774098140474
0,4,0.8284946620168845
0,4,0.8400468593553859
0,4,0.5154049480672019
0,4,0.5082419706759326
0,4,0.6522163496479811
0,4,0.583115765593814
0,4,0.801448232468981
0,4,0.5937316904756161
0,4,0.8207929717795105
0,4,0.5097238444415441
0,4,0.5298726655269242
0,4,0.8201505147553196
0,4,0.6284128283181438
0,4,0.5111710664733218
0,4,0.6406505634951456
0,4,0.5075965394559132
0,4,0.7545420337356592
0,4,0.5222758696735484
0,4,0.7732451294098661
0,4,0.9091496210010083
0,4,0.8449531384850951
0,4,0.5973999065194927
0,4,0.5274040569751773
0,4,0.8336915990537406
0,4,0.5249727176248059
0,4,0.6720317928828674
0,4,0.712325589161401
0,4,0.8099206207449188
0,4,0.8195060959684787
0,4,0.5964944412368917
0,4,0.6930971754168659
0,4,0.795297861159335
0,4,0.8027682744715364
0,4,0.7313135678748348
0,4,0.5852393918658831
0,4,0.7973634850910277
0,4,0.6068049157654459
0,4,0.8792036271109723
0,4,0.5085639743844337
0,4,0.5284008566497995
0,4,0.4948742062123906
0,4,0.5054905905349392
0,4,0.5082799013329174
0,4,0.7381891293937014
0,4,0.8655613661164998
0,4,0.6179535749235456
0,4,0.529271237453336
0,4,0.868453937498163
0,4,0.9114651492374566
0,4,0.4973344984508243
0,4,0.7666322698991234
0,4,0.501109644755482
0,4,0.8992995559026948
0,4,0.5363134280813532
0,4,0.79349595003501
0,4,0.8617945775828485
0,4,0.8642793870471632
0,4,0.6899449237991611
0,4,0.794257010280807
0,4,0.5088981632140681
0,4,0.847089070888586
0,4,0.5632900678906161
0,4,0.4945413857385997
0,4,0.708304362628692
0,4,0.8835479224842655
0,4,0.5281931434281963
0,4,0.8538951638139716
0,4,0.5745784635100483
0,4,0.7074204104780561
0,4,0.8333824006573293
0,4,0.8944845341346704
0,4,0.5206491667120862
0,4,0.5169084386694193
0,4,0.6421860873195347
0,4,0.508089402568578
0,4,0.8917491853215656
0,4,0.49502548728090345
0,4,0.4974452596828033
0,4,0.6923150715345848
0,4,0.5045068817646652
0,4,0.672146098858202
0,4,0.9007689745599555
0,4,0.778334177581442
0,4,0.6252263424947004
0,4,0.9092224755926547
0,4,0.8301398157137094
0,4,0.8546581331626609
0,4,0.6174055336523665
0,4,0.4936195236554568
0,4,0.8973870112727522
0,4,0.8996575585460334
0,4,0.49539385052999485
0,4,0.5542887740685647
0,4,0.8997801049646743
0,4,0.8391127195782836
0,4,0.897393172369455
0,4,0.5991336351967792
0,4,0.5039126100811286
0,4,0.4947347801692478
0,4,0.5037774910783808
0,4,0.4994488940281806
0,4,0.5614197466295976
0,4,0.5769670814458294
0,4,0.5279366427333639
0,4,0.513925230475755
0,4,0.8675232825669713
0,4,0.5266346129860063
0,4,0.6880522617648452
0,4,0.8583919226195033
0,4,0.9072678141089208
0,4,0.8378995070069795
0,4,0.6586673337352411
0,4,0.7004686092223326
0,4,0.8864958336148584
0,4,0.6230558759056762
0,4,0.5170365504184018
0,4,0.8475904856833317
0,4,0.5265640857724629
0,4,0.7323170149707151
0,4,0.8083145365344939
0,4,0.6053422579361486
0,4,0.4943430692126848
0,4,0.85933651272958
0,4,0.7657892369953118
0,4,0.710502495574841
0,4,0.6586031766026866
0,4,0.8252375967844191
0,4,0.839723276811644
0,4,0.9097535819785081
0,4,0.8749170255031915
0,4,0.8463537536195617
0,4,0.8722972468771769
0,4,0.8996088597622945
0,4,0.7444313329067164
0,4,0.5041972260307347
0,4,0.8673666438768437
0,4,0.501104410213325
0,4,0.9073001997734209
0,4,0.8200898923783766
0,4,0.4936894261606006
0,4,0.496395109054749
0,4,0.5304638262303477
0,4,0.5013643886459969
0,4,0.8983691060554441
0,4,0.8774191570664313
0,4,0.4964667845675337
0,4,0.8432799657641364
0,4,0.49730328844307004
0,4,0.5450950319296283
0,4,0.8306775120817992
0,4,0.6448935754755437
0,4,0.8061420190817087
0,4,0.5970445571302192
0,4,0.5684980053190265
0,4,0.8495042926085434
0,4,0.8878531705413493
0,4,0.8093776579639383
0,4,0.5366934189953615
0,4,0.5861998136026477
0,4,0.7028373014883382
0,4,0.8183872209884213
0,4,0.8147566522209532
0,4,0.6680803590678126
0,4,0.8240652312023204
0,4,0.5074681641786071
0,4,0.5663629298019897
0,4,0.516517104407533
0,4,0.8883378599381208
0,4,0.5072712470193772
0,4,0.9095709185697497
0,4,0.7844287116161042
0,4,0.5125983305160948
0,4,0.5864561839694276
0,4,0.8003962882205525
0,4,0.49863487090628017
0,4,0.9104980777361468
0,4,0.7031125684662224
0,4,0.6634423711618378
0,4,0.8932831001379956
0,4,0.9046173337964675
0,4,0.5367341658023844
0,4,0.8648997774622519
0,4,0.5615705923072257
0,4,0.7188556941069987
0,4,0.8385320399695904
0,4,0.5630134801346515
0,4,0.8153202438539702
0,4,0.5059981696646675
0,4,0.7431780203783906
0,4,0.8864805181914107
0,4,0.5256356431013819
0,4,0.5162275373464956
0,4,0.5562935437558155
0,4,0.5181303045828026
0,4,0.8902899459557018
0,4,0.5319528769499244
0,4,0.6850527759457916
0,4,0.8608447131200597
0,4,0.5311254966678135
0,4,0.5244156294958341
0,4,0.8862990909053813
0,4,0.7823246212743821
0,4,0.4972449442616966
0,4,0.9024466363977154
0,4,0.5145767603515421
0,4,0.5017930447296154
0,4,0.6149918838699666
0,4,0.8590680849728275
0,4,0.5126720968372012
0,4,0.9081163160673147
0,4,0.5163904162468765
0,4,0.8220158868323009
0,4,0.605842554124273
0,4,0.8365679603733115
0,4,0.5034487588866751
0,4,0.5102768771241813
0,4,0.7822624632477113
0,4,0.8563583882079956
0,4,0.9033849963477341
0,4,0.8607970917494643
0,4,0.6305376695231435
0,4,0.8496519510382428
0,4,0.7498626101858762
0,4,0.8780808919732964
0,4,0.5059137272599198
0,4,0.5216992538288123
0,4,0.5013076434659967
0,4,0.5837787319461198
0,4,0.8397470823004222
0,4,0.5092338157270828
0,4,0.7063102874207727
0,4,0.5188407705770297
0,4,0.5031758880419478
0,4,0.7756095254936116
0,4,0.6343959194981668
0,4,0.5142105779670153
0,4,0.5282711814472587
0,4,0.8363367716231161
0,4,0.8655030685857573
0,4,0.7588644204945205
0,4,0.8620610707514849
0,4,0.7162223270383475
0,4,0.5213424622606992
0,4,0.8616536790860411
0,4,0.7129111770659289
0,4,0.7284244813085152
0,4,0.822293678958768
0,4,0.5906939722807745
0,4,0.9074392129237528
0,4,0.5349674805490416
0,4,0.8093115085792664
0,4,0.8725156434483742
0,4,0.7606573139079102
0,4,0.5004809394448623
0,4,0.8854741369326836
0,4,0.8192732746600692
0,4,0.8866834593385232
0,4,0.8227624251052764
0,4,0.8988001286526024
0,4,0.5121979168657922
0,4,0.7610951861267881
0,4,0.8485114959288395
0,4,0.819500595825562
0,4,0.5380985494781685
0,4,0.5569188084623752
0,4,0.8742898848124122
0,4,0.5017073673635719
0,4,0.8544049441799908
0,4,0.5501840915922162
0,4,0.5296490779932873
0,4,0.5782374729440921
0,4,0.5021262135596757
0,4,0.8863600140354504
0,4,0.8976213513553235
0,4,0.5218077784218664
0,4,0.606248133478874
0,4,0.8622090453477114
0,4,0.8785602660539911
0,4,0.8732115254476926
0,4,0.5226084365131252
0,4,0.5188507081306176
0,4,0.7866955784604223
0,4,0.8614701475295236
0,4,0.8666416044449571
0,4,0.5021460256453086
0,4,0.4971131056328137
0,4,0.8210792676403228
0,4,0.507393742461886
0,4,0.8100777861033164
0,4,0.9111739645413244
0,4,0.6264301092264292
0,4,0.4989022515766419
0,4,0.9081472969368086
0,4,0.8013962181119613
0,4,0.8079549212782449
0,4,0.8353856773272262
0,4,0.49852552008752543
0,4,0.8546167317195846
0,4,0.5263446878048011
0,4,0.8735511871796563
0,4,0.6430475824966805
0,4,0.8820652155783685
0,4,0.7534921068957585
0,4,0.5074620122052822
0,4,0.5628418542062312
0,4,0.542436437459623
0,4,0.8624598716290579
0,4,0.4950367800470027
0,4,0.5110626766329415
0,4,0.5047707797952565
0,4,0.911096360897873
0,4,0.5375317930302325
0,4,0.5404311605652891
0,4,0.8179656641722995
0,4,0.8142359281822548
0,4,0.8394010692855606
0,4,0.6132434758295386
0,4,0.75388441594667
0,4,0.6299687006749547
0,4,0.9108402064986049
0,4,0.5432762224408464
0,4,0.5776022204615866
0,4,0.8107346733657053
0,4,0.5054801432000985
0,4,0.5296557347231917
0,4,0.7932623138274311
0,4,0.8073974154671922
0,4,0.5255953794630852
0,4,0.6207746756498034
0,4,0.8824913870704232
0,4,0.8657005500448133
0,4,0.50464798749856
0,4,0.6600558171584614
0,4,0.5911195596043776
0,4,0.6389993641461467
0,4,0.5249542108472569
0,4,0.8790578487571834
0,4,0.4943158935871261
0,4,0.9019012084380021
0,4,0.8564880248754954
0,4,0.6961484700362506
0,4,0.8298085639280124
0,4,0.8583309240650885
0,4,0.6160853280620997
0,4,0.8036000298306932
0,4,0.5248245765609163
0,4,0.49383537779880005
0,4,0.4964177471511065
0,4,0.7951352833227271
0,4,0.5203440701320268
0,4,0.8567389770204348
0,4,0.9113189374136055
0,4,0.881556420622633
0,4,0.49896563034914504
0,4,0.5384778046390181
0,4,0.831131909818119
0,4,0.5244043499508603
0,4,0.5152351854839711
0,4,0.5188973073480385
0,4,0.8813235467122614
0,4,0.8571130153259576
0,4,0.5226227216704256
0,4,0.8672502171441644
0,4,0.5174988047297013
0,4,0.5036040868295107
0,4,0.5074874504013511
0,4,0.848118704937875
0,4,0.8775062058739969
0,4,0.5420460995804531
0,4,0.7875719983042135
0,4,0.8400794780728068
0,4,0.902077869756649
0,4,0.8190407911311779
0,4,0.8500064268708417
0,4,0.5176053053502551
0,4,0.7137661038249743
0,4,0.5048073738670891
0,4,0.4943086692283795
0,4,0.5025632496194182
0,4,0.8980968480233122
0,4,0.7841364729548241
0,4,0.9085707501303665
0,4,0.828320884457818
0,4,0.8251904421016438
0,4,0.4952939814273669
0,4,0.5644850295542138
0,4,0.6179279438037037
0,4,0.9038312854295035
0,4,0.5033749058241327
0,4,0.7982537611851515
0,4,0.6234191155923589
0,4,0.8882419098100995
0,4,0.5285704793426182
0,4,0.905930313182739
0,4,0.7971478479069549
0,4,0.5114352877654053
0,4,0.5424768822181272
0,4,0.7919373867425452
0,4,0.8519585605152981
0,4,0.8433238136535348
0,4,0.7967724355192213
0,4,0.7447123242594601
0,4,0.779161418230686
0,4,0.5285581234139868
0,4,0.663789732672871
0,4,0.6875947217758991
0,4,0.5032055148023594
0,4,0.5081681124322709
0,4,0.503807758781754
0,4,0.8784813986864547
0,4,0.716622116427896
0,4,0.8023168371019926
0,4,0.528820347034237
0,4,0.607424073072158
0,4,0.585548210068203
0,4,0.8383830216897341
0,4,0.827431988099738
0,4,0.8435770316417002
0,4,0.9075912536226842
0,4,0.6207760831127133
0,4,0.8762129616540738
0,4,0.6908814285180208
0,4,0.5135052430251934
0,4,0.5168457434258038
0,4,0.8070503650404001
0,4,0.5508410820552948
0,4,0.534478030868309
0,4,0.8470486305034592
0,4,0.8732061241371162
0,4,0.5151615077316137
0,4,0.5035532004106492
0,4,0.8332695143887046
0,4,0.8028772862383649
0,4,0.9001927988325531
0,4,0.8770086909591069
0,4,0.7981723562826822
0,4,0.8267489904961702
0,4,0.8573114900850927
0,4,0.9095538004978387
0,4,0.8683472350746975
0,4,0.49622747078106244
0,4,0.4937724099303654
0,4,0.8257307091710946
0,4,0.8448382181901574
0,4,0.732852047667664
0,4,0.5237422724357389
0,4,0.791813185024924
0,4,0.5195885094407314
0,4,0.8391266237036927
0,4,0.795984769347429
0,4,0.9039455509200578
0,4,0.4966942142696095
0,4,0.7937205731865253
0,4,0.8623684739214922
0,4,0.5172207872605484
0,4,0.8443033558091049
0,4,0.8328085239360261
0,4,0.8605710412659247
0,4,0.9043715656166663
0,4,0.5197948692167879
0,4,0.6242131877333064
0,4,0.8198563525058681
0,4,0.9074428655891299
0,4,0.8726520631233363
0,4,0.8350552529335245
0,4,0.911224527549457
0,4,0.5062658805175255
0,4,0.49882802301071993
0,4,0.7942933989266502
0,4,0.8002839472052155
0,4,0.5013883201782617
0,4,0.8743993168470781
0,4,0.844229786605345
0,4,0.8644045460828798
0,4,0.8462569958942647
0,4,0.8579767471642027
0,4,0.69003546143868
0,4,0.5045177304833319
0,4,0.6693421933052186
0,4,0.8390667953799948
0,4,0.887239236837373
0,4,0.8439378497063049
0,4,0.7987397472170997
0,4,0.8368489241137731
0,4,0.8420091472798388
0,4,0.8951355155584233
0,4,0.5012453379287032
0,4,0.6302938484933899
0,4,0.6715600022831205
0,4,0.8213871668989765
0,4,0.6225926549746459
0,4,0.8930006434335074
0,4,0.8999489419408857
0,4,0.8610974268110101
0,4,0.7696881269211419
0,4,0.8369986863654174
0,4,0.5619682076284133
0,4,0.6908573229858108
0,4,0.5189785962087775
0,4,0.8636684774706177
0,4,0.9104936026811592
0,4,0.8449032345661319
0,4,0.8727312628323263
0,4,0.9031466353017299
0,4,0.8400276066324145
0,4,0.8310073678341093
0,4,0.6550190478136758
0,4,0.7908345639875884
0,4,0.6697944193850488
0,4,0.5080920625423547
0,4,0.512696041581423
0,4,0.7663470491127268
0,4,0.6716678182532563
0,4,0.9042968669330298
0,4,0.8548317049874964
0,4,0.8330265149651067
0,4,0.8121681261382739
0,4,0.8902376387472664
0,4,0.753762006634279
0,4,0.8592973311026735
0,4,0.525660643711704
0,4,0.4983709591750461
0,4,0.582014255531072
0,4,0.8834520282371703
0,4,0.9020944700753453
0,4,0.8054223884428029
0,4,0.8280677832634358
0,4,0.49916949606273214
0,4,0.7642609536559324
0,4,0.6504193882919492
0,4,0.5112388730114361
0,4,0.5094355644417187
0,4,0.49977974933543506
0,4,0.5291449337284045
0,4,0.8753099991063872
0,4,0.8241021613201961
0,4,0.5107149178148599
0,4,0.6535328658332491
0,4,0.907289105096838
0,4,0.7811779154502849
0,4,0.8524118193137827
0,4,0.8520886050528278
0,4,0.5147989255804333
0,4,0.8530078229306753
0,4,0.5246827993592803
0,4,0.7725448393317551
0,4,0.8662140230719003
0,4,0.5164166609385532
0,4,0.6083400111346018
0,4,0.6803207015593898
0,4,0.5003244951623562
0,4,0.7816868790862923
0,4,0.5152402428460229
0,4,0.5074683344740893
0,4,0.8053928051550899
0,4,0.5010664291861557
0,4,0.4988766594532614
0,4,0.7856154118729267
0,4,0.5796906913190575
0,4,0.5173921602973021
0,4,0.7859390966652141
0,4,0.7884855905409314
0,4,0.5259569083507638
0,4,0.5084741896702266
0,4,0.6986305348793405
0,4,0.5175616352856044
0,4,0.9034700862099677
0,4,0.5135830499698499
0,4,0.9089787599587833
0,4,0.9113355153237624
0,4,0.4959345661779304
0,4,0.5832909775321914
0,4,0.8023710199498914
0,4,0.5702200879216744
0,4,0.5309455999279005
0,4,0.5140013480246759
0,4,0.7412833687903342
0,4,0.7235080654280743
0,4,0.7699329316829355
0,4,0.8482481165870039
0,4,0.8963159159888424
0,4,0.5535720040366777
0,4,0.5127592621322403
0,4,0.6847627444311479
0,4,0.6366129657832102
0,4,0.6925793980205721
0,4,0.7138283286588784
0,4,0.8730033052985886
0,4,0.8577425613258
0,4,0.8719537520470138
0,4,0.8184443090682383
0,4,0.7459308819360813
0,4,0.5977752320591894
0,4,0.7899738488802235
0,4,0.7252162627390409
0,4,0.4977830410029723
0,4,0.5107486126579067
0,4,0.5200735068176414
0,4,0.8428062805690042
0,4,0.7426704941214817
0,4,0.5627415855997345
0,4,0.8004074672927792
0,4,0.8482235098618356
0,4,0.8964703728736699
0,4,0.8514678993571384
0,4,0.772574395959442
0,4,0.5833094727471665
0,4,0.7399533600827272
0,4,0.8148467307894312
0,4,0.5222057883194082
0,4,0.4983148654009419
0,4,0.8644481175630055
0,4,0.8824076565752043
0,4,0.8635528040891878
0,4,0.8974266770731666
0,4,0.8830225748746555
0,4,0.8062373240836996
0,4,0.5020291968035605
0,4,0.7490215201391963
0,4,0.5258741266818918
0,4,0.8943585758259815
0,4,0.8231215884877622
0,4,0.8050031947744298
0,4,0.524313692450813
0,4,0.8342204134495044
0,4,0.9053378098937862
0,4,0.8847882723403494
0,4,0.7198578261386103
0,4,0.8378547722677594
0,4,0.5164269652740268
0,4,0.8825231568164816
0,4,0.864031071298586
0,4,0.8905626257617291
0,4,0.8027985816205704
0,4,0.7708914492220121
0,4,0.5315996124069057
0,4,0.8467580986704143
0,4,0.5231627393978499
0,4,0.6811570543862389
0,4,0.8785086511703487
0,4,0.8547642716587303
0,4,0.8558189169543892
0,4,0.9080435002394912
0,4,0.5300705882360232
0,4,0.8910246862185922
0,4,0.8854100959717677
0,4,0.7923885614465511
0,4,0.8879675526283287
0,4,0.6962969246530311
0,4,0.7948357190798649
0,4,0.6570067106550899
0,4,0.5140589267935726
0,4,0.5048808214946761
0,4,0.8115512132905865
0,4,0.8290806778489378
0,4,0.5086903434913699
0,4,0.683894743879348
0,4,0.5277579237368915
0,4,0.5314102000978888
0,4,0.8224135686956103
0,4,0.8010609291268901
0,4,0.4967494445631225
0,4,0.9047494021684426
0,4,0.8701711401143761
0,4,0.6974532622158032
0,4,0.5527811964021059
0,4,0.80310934142271
0,4,0.8485795184685375
0,4,0.8765307253313838
0,4,0.6932028096628461
0,4,0.6408809473658218
0,4,0.8406704645231481
0,4,0.5525311422721677
0,4,0.7632056373482168
0,4,0.8531880226217378
0,4,0.8414518279411929
0,4,0.49650725311704413
0,4,0.8852352207894227
0,4,0.8590313975441604
0,4,0.4983772064890626
0,4,0.5516200254334446
0,4,0.721720461762243
0,4,0.8711030081514282
0,4,0.5159418815639423
0,4,0.5830030663077196
0,4,0.4933443070603332
0,4,0.6112965352578585
0,4,0.5203590020537971
0,4,0.5796018229685364
0,4,0.4976980472194594
0,4,0.880222356984494
0,4,0.8626455536964527
0,4,0.5275384447279573
0,4,0.8505332573213378
0,4,0.5196204912351046
0,4,0.6575258437105059
0,4,0.5196302112705289
0,4,0.8997236067883624
0,4,0.5276768198563566
0,4,0.5276600432531209
0,4,0.7830250049585548
0,4,0.6162560720718956
0,4,0.5057516600956855
0,4,0.5256151726707815
0,4,0.5914191003036982
0,4,0.7783524415060533
0,4,0.8955291473716701
0,4,0.818506693915524
0,4,0.5263583430088894
0,4,0.49731273502734247
0,4,0.5847784921258493
0,4,0.7829181383352262
0,4,0.5494696297488475
0,4,0.9072532033499179
0,4,0.8253366909372493
0,4,0.5101534641089682
0,4,0.8560027667017985
0,4,0.8354039872242756
0,4,0.8855577496256201
0,4,0.9118044561359531
0,4,0.8061042486752641
0,4,0.7895345002360035
0,4,0.5100693483206611
0,4,0.5058516685342432
0,4,0.8990853209700456
0,4,0.8329770609584548
0,4,0.665155826662053
0,4,0.8478389661005007
0,4,0.8066710268505439
0,4,0.5176213296137366
0,4,0.8941394020332322
0,4,0.8013270738540037
0,4,0.526768784193336
0,4,0.883810917432508
0,4,0.7959804238543031
0,4,0.8244944386813983
0,4,0.863011577586223
0,4,0.7574985537215663
0,4,0.721184620120162
0,4,0.4975076120240037
0,4,0.5291316798119136
0,4,0.8282379405428741
0,4,0.6741727959123079
0,4,0.887166652389157
0,4,0.8304907605792738
0,4,0.8080540792038365
0,4,0.8393646318671897
0,4,0.7684261072570955
0,4,0.5286745956549048
0,4,0.8815799847706924
0,4,0.5297285989673005
0,4,0.49425596162467117
0,4,0.8803711857358301
0,4,0.8114866782864243
0,4,0.8490172900565673
0,4,0.910978609859931
0,4,0.6863372048385864
0,4,0.8811309083302847
0,4,0.9028663545826568
0,4,0.7938409973175677
0,4,0.6829668162496146
0,4,0.6652102589753465
0,4,0.5239992973797437
0,4,0.5549335064368538
0,4,0.8920964490928681
0,4,0.5152420605329152
0,4,0.9045407041197343
0,4,0.8319508875474432
0,4,0.6231879825561264
0,4,0.5136467748146938
0,4,0.7905489413118786
0,4,0.8146679752153906
0,4,0.8413355404562938
0,4,0.8170118006984431
0,4,0.6110083635240259
0,4,0.656722614592282
0,4,0.8407530807894203
0,4,0.49941839327577103
0,4,0.8777927299005779
0,4,0.5069295338226801
0,4,0.5127587685547911
0,4,0.7895815144995864
0,4,0.5040416734485397
0,4,0.5248816383181273
0,4,0.7916977134974322
0,4,0.9085507464216154
0,4,0.8548544620754116
0,4,0.49945189089631625
0,4,0.5189094280353018
0,4,0.8120033937457108
0,4,0.5884145342599225
0,4,0.8995759257089221
0,4,0.7170973973886925
0,4,0.9066228111124317
0,4,0.8952401706231168
0,4,0.7902170318336201
0,4,0.8611519920068047
0,4,0.8324340268280396
0,4,0.879381659116086
0,4,0.7929520938349636
0,4,0.6448370575833778
0,4,0.8894971042412189
0,4,0.5226045006497452
0,4,0.5014169197637558
0,4,0.870689915568087
0,4,0.8068439990570953
0,4,0.899722366007081
0,4,0.8666518596330655
0,4,0.8678281464616104
0,4,0.6761466952838331
0,4,0.8304053718952701
0,4,0.755532154475722
0,4,0.574876112546882
0,4,0.5294441469985326
0,4,0.49368285397496287
0,4,0.9016765903478436
0,4,0.5037510736341023
0,4,0.5172013720430184
0,8,0.9919244885505141
0,8,0.8409207998422259
0,8,0.5902155097533562
0,8,0.24121600259802445
0,8,0.9227195431891472
0,8,0.8900328182074145
0,8,0.4258584883451544
0,8,-0.48594225555549553
0,8,0.47417098991997353
0,8,0.9453311080886079
0,8,0.8067733995978559
0,8,0.992340244238752
0,8,0.8754172515441496
0,8,-0.5719681388448568
0,8,0.24582233603888948
0,8,0.24249372296146543
0,8,0.05394628694738582
0,8,0.9282727955190747
0,8,0.8307098833386649
0,8,0.9421084648901309
0,8,0.6042964007692739
0,8,-0.30688496298072265
0,8,-0.25169543580054965
0,8,0.8702512848290762
0,8,0.9070267571503373
0,8,-0.6290344784727255
0,8,0.14509781746652567
0,8,0.8453676137954776
0,8,0.5163113096161159
0,8,0.8616463722349755
0,8,-0.1965150391492129
0,8,-0.09352430250672376
0,8,0.9109265782980931
0,8,0.8378139400843126
0,8,0.9654827396836989
0,8,0.9828086312909694
0,8,-0.5792955716652004
0,8,0.7034936744990137
0,8,0.8621934274966513
0,8,0.7348083750702303
0,8,0.945678370337525
0,8,0.4166741145525369
0,8,0.9007062957162774
0,8,0.951759231289739
0,8,0.5604517227730641
0,8,0.840879581414216
0,8,0.8412116419620954
0,8,0.8807523833845208
0,8,0.817641391058374
0,8,0.5476768256026545
0,8,0.8614075913175313
0,8,0.9034075884137367
0,8,-0.05807611818184186
0,8,0.9498017705420239
0,8,0.7557396416903123
0,8,0.9164685162482913
0,8,0.19439890561336393
0,8,0.7787569599448899
0,8,0.9652280471221685
0,8,0.20980074609151622
0,8,0.7017096504089384
0,8,0.87906910938278
0,8,0.919623848291175
0,8,0.6528347800207845
0,8,0.7356911950479179
0,8,0.7119472555370128
0,8,0.8373594615828658
0,8,0.9817094691186322
0,8,-0.2679498807522448
0,8,0.8456132988135971
0,8,-0.1548951138265847
0,8,0.8683842520782823
0,8,0.03471951717172808
0,8,0.9031237555847919
0,8,0.8523507242814583
0,8,0.6214466735186174
0,8,0.770938027216965
0,8,-0.10493714317487982
0,8,0.8119760431359304
0,8,-0.282164068166251
0,8,0.5387713756887664
0,8,0.8989886092769267
0,8,-0.21903915750232442
0,8,0.5954680221489599
0,8,0.7924657769340003
0,8,0.8404720775593041
0,8,0.9654246269340946
0,8,0.8955855431261768
0,8,0.6415566231820828
0,8,0.15382357965226773
0,8,0.9484832279767107
0,8,0.7733324782669337
0,8,0.8704065108346317
0,8,0.8531001758353436
0,8,0.0845034646054765
0,8,0.9744301289655404
0,8,0.838398631828578
0,8,0.9876500941114792
0,8,0.8442082629774628
0,8,-0.5070305396258388
0,8,0.6612872670548327
0,8,0.929969457773262
0,8,0.5831798339352247
0,8,0.35531993488761415
0,8,-0.42320640513197577
0,8,0.9732459099154412
0,8,0.7343531924022928
0,8,0.9547059872933538
0,8,0.13128549880495544
0,8,-0.15016501599336188
0,8,0.986837075927171
0,8,0.9870793571977311
0,8,0.5210730152799875
0,8,0.9579360552868609
0,8,0.7086753447410021
0,8,0.9214874306504212
0,8,-0.15858490934774935
0,8,0.9008111039763176
0,8,0.9875665572479863
0,8,0.605931787883613
0,8,0.44431020794209
0,8,0.8633525240988984
0,8,0.8797866765330934
0,8,0.776176298870181
0,8,0.8342189109926197
0,8,0.828328144877495
0,8,0.23522667484163934
0,8,0.985214074571952
0,8,-0.37360901459952167
0,8,0.8270443491200798
0,8,0.7470970075731272
0,8,-0.12537007791652008
0,8,0.7323330342158284
0,8,0.12884005284772315
0,8,0.5607522941768339
0,8,0.9269892061049356
0,8,0.7360028718263403
0,8,0.6350446703713588
0,8,-0.5481566090596163
0,8,0.9133126910933291
0,8,0.8857141455490761
0,8,0.9838971439843752
0,8,0.003907222388005366
0,8,0.9080838336075575
0,8,0.7959563965450437
0,8,0.873884866361801
0,8,-0.3986324911149306
0,8,0.8312622233962981
0,8,0.7134592087160313
0,8,0.9650668376970595
0,8,0.5813017662420336
0,8,0.450674777981103
0,8,0.8394962429375408
0,8,-0.5208348329826162
0,8,0.8521774732565469
0,8,0.14783386312189667
0,8,-0.16307433917482664
0,8,0.7187041331494537
0,8,0.2814241356501449
0,8,0.9849381016038173
0,8,0.1601586246243175
0,8,0.8567478180558028
0,8,0.8481375084784744
0,8,-0.589851274464817
0,8,0.6072580486698234
0,8,0.9910253994668708
0,8,0.90529583525407
0,8,0.8677896533912611
0,8,0.6194090287284031
0,8,-0.5099028855470447
0,8,0.8095391072792838
0,8,-0.028128814737431007
0,8,0.9424054118720258
0,8,0.7024064688781042
0,8,0.95474498642553
0,8,0.7779931625725891
0,8,0.7788389378125128
0,8,0.832509442197159
0,8,0.991844094987262
0,8,0.572741221250297
0,8,0.9563970919581173
0,8,0.8623826319851999
0,8,0.8782036010299851
0,8,0.8677709894292556
0,8,0.9134984354991958
0,8,0.9023577317161644
0,8,0.7512709610375718
0,8,0.8650583276394346
0,8,0.35518616055007135
0,8,0.9853690313193518
0,8,0.5758863968468133
0,8,0.7869298766964543
0,8,0.43683098221636496
0,8,0.9337214649035301
0,8,0.8609005043966165
0,8,-0.09189474675200447
0,8,0.8845072378093991
0,8,0.8290943219014524
0,8,0.8061140357588086
0,8,-0.524098662701534
0,8,0.12927453697662
0,8,0.6562230733432663
0,8,0.8766501537413786
0,8,0.8578019044483347
0,8,0.8983985233896651
0,8,0.6840748162826193
0,8,0.8352824175774903
0,8,0.7181514599571621
0,8,0.920349832897594
0,8,-0.2826204010349145
0,8,0.7971171747522007
0,8,-0.19922582906625624
0,8,0.8492988621524532
0,8,0.05772048813924427
0,8,0.6391721202938488
0,8,0.3570970083899201
0,8,0.8766512923382848
0,8,0.4460431748034366
0,8,-0.4939168612084888
0,8,0.9405045195392543
0,8,0.793293331573634
0,8,0.5715542438840474
0,8,0.8941812586657322
0,8,0.6991902278025
0,8,0.5428779287713742
0,8,0.6066109523046036
0,8,0.927836741967848
0,8,0.4316002063427562
0,8,0.8476178253711607
0,8,0.91563186681509
0,8,0.9401000916326893
0,8,0.7243159721956245
0,8,0.9264054771977874
0,8,-0.5491210579611703
0,8,0.5897341216873399
0,8,0.8869588838247299
0,8,0.7899414273855945
0,8,0.9758926258893634
0,8,0.2772085562922722
0,8,0.4187579791529399
0,8,-0.2642304727871957
0,8,-0.23727432344020746
0,8,0.20896587938957484
0,8,0.45198611115926535
0,8,0.9050144007610692
0,8,0.8624034092159487
0,8,0.823978338061368
0,8,0.5679655071973727
0,8,0.9477638837079962
0,8,0.4171747348570912
0,8,0.5590670745142038
0,8,0.9572711793846671
0,8,0.4685296999680919
0,8,0.9505310312529166
0,8,0.8703809667877601
0,8,0.8404290201335355
0,8,0.7459582633010172
0,8,0.8743843556653625
0,8,0.895306670135099
0,8,0.8099768229487815
0,8,0.8409704668836991
0,8,0.7745837968815977
0,8,0.813232663520229
0,8,0.9126053107398334
0,8,0.7840268142195842
0,8,0.7163959775692728
0,8,-0.15746034193509026
0,8,0.6346795199414828
0,8,0.9876616220212145
0,8,0.7579718822509502
0,8,0.9424564196086956
0,8,0.7388102142368722
0,8,0.949074387272486
0,8,0.1721235665981296
0,8,-0.30692877180995903
0,8,-0.3517850647053554
0,8,0.9421250814639762
0,8,-0.31633417786740436
0,8,0.8477478295523447
0,8,-0.6205989822756088
0,8,0.9114861691469537
0,8,-0.167287305629499
0,8,-0.2258080718911678
0,8,0.6790781996579387
0,8,0.9607165798675242
0,8,0.9596234561811019
0,8,-0.07900287007956304
0,8,0.9001734220915726
0,8,0.24382690961047698
0,8,0.35694763633511284
0,8,0.894213782820375
0,8,0.8779006415859063
0,8,0.7320866386556699
0,8,0.9024264257566378
0,8,0.939535861316808
0,8,-0.5625255751973288
0,8,0.9442128308302329
0,8,-0.5632345522156423
0,8,0.8456298687421938
0,8,0.2701242828844376
0,8,0.8748088708196737
0,8,0.8514423436746433
0,8,0.8403968592502296
0,8,0.7468870403998698
0,8,0.6881134596335766
0,8,0.8643839826003535
0,8,0.6789522276779433
0,8,0.8734758482533878
0,8,0.9366140455347463
0,8,0.8878293501528274
0,8,0.759142300938096
0,8,0.9679441641786581
0,8,0.8746262015999496
0,8,0.9444579745675058
0,8,0.775548161963308
0,8,0.975617698687432
0,8,0.8094694324754903
0,8,0.9080120558417467
0,8,0.8559545280289872
0,8,0.8685599548812835
0,8,0.2782463078158596
0,8,0.7985598633597187
0,8,0.7012433607073385
0,8,0.6220714244519301
0,8,0.9364919473897595
0,8,0.663576091213912
0,8,-0.4564569521837136
0,8,0.6539020116229359
0,8,0.8468377303158392
0,8,0.8762310062835551
0,8,0.792050746248544
0,8,0.5823410245890059
0,8,-0.4003627483986124
0,8,0.9328030622578467
0,8,0.582978135156423
0,8,-0.4221264849557825
0,8,-0.6398943789910967
0,8,0.9203959948403271
0,8,0.9079455967872345
0,8,0.5132538123263719
0,8,0.9362147990208236
0,8,0.9080985708189886
0,8,0.2765050539083248
0,8,0.9445826814697251
0,8,0.7064864613857762
0,8,0.9905147473798412
0,8,0.6513277910072696
0,8,0.7579347500055098
0,8,0.8887949063849878
0,8,0.9015665036704115
0,8,0.8740604737403557
0,8,-0.6141880949700288
0,8,-0.561084068434869
0,8,0.9448653285061617
0,8,0.6725284407131917
0,8,0.7538095030686244
0,8,0.7084419750862978
0,8,0.9369292587609969
0,8,0.8678165364725806
0,8,0.9775476947012238
0,8,0.7212145719626023
0,8,-0.15064047934903912
0,8,-0.5043134095547824
0,8,0.9398542236947163
0,8,0.6081057313854442
0,8,0.849724070982551
0,8,0.8296273272262125
0,8,0.793729419626968
0,8,0.5699696583209977
0,8,0.8913663653942789
0,8,0.8566619423751364
0,8,0.04401488357043046
0,8,-0.48052141837708795
0,8,0.8355234487285091
0,8,0.030180354222756972
0,8,0.9025637397821218
0,8,0.8371165872730466
0,8,0.8196051198877936
0,8,0.6903732718113773
0,8,0.6229737682518839
0,8,0.8724258469298383
0,8,0.8353113477969398
0,8,0.8262965179134175
0,8,0.9069402796837378
0,8,0.9471397093286563
0,8,0.8738067350461795
0,8,-0.3502929882009244
0,8,0.9419440403190683
0,8,0.947498444329156
0,8,0.9654783497421765
0,8,0.8844565902859431
0,8,0.7692144431618259
0,8,0.35677143222321894
0,8,0.717271463901896
0,8,0.1281898792744432
0,8,0.6305854549388494
0,8,0.7840631094664857
0,8,0.7077713702295105
0,8,-0.1585607867882266
0,8,0.9286024580022514
0,8,0.8903026898799151
0,8,0.8341451887190243
0,8,0.7429934542400388
0,8,0.9364707423731474
0,8,0.8606281038613545
0,8,0.9126847337696811
0,8,-0.04714600234717853
0,8,0.9176619574206328
0,8,-0.2759399808459906
0,8,0.6227467906111749
0,8,0.8282347858815153
0,8,0.692210953473869
0,8,0.8883369521292644
0,8,0.8138310331705474
0,8,-0.13848569717357784
0,8,0.8033143646070899
0,8,0.5922114888654529
0,8,0.9910548852248501
0,8,0.790065676303098
0,8,0.6344598011106897
0,8,0.4693191330876779
0,8,0.6421863054009784
0,8,0.6115405034634707
0,8,0.8773529016509092
0,8,0.5363620010409621
0,8,0.8059062870520264
0,8,0.9611988934983445
0,8,0.8420577372060294
0,8,0.9750575844297736
0,8,0.7750745664606993
0,8,0.9864648899408923
0,8,-0.1494753213061721
0,8,0.8681146048253057
0,8,0.9842623232462072
0,8,0.8719398821624714
0,8,0.7633178591679012
0,8,0.23159665779334054
0,8,-0.6172596169045084
0,8,0.9065974108889231
0,8,0.6122848290072103
0,8,-0.3290169880791294
0,8,0.8511411779905984
0,8,0.3889732419992178
0,8,0.672752237036801
0,8,0.6572430986786262
0,8,0.61316585868078
0,8,0.8656543738729743
0,8,-0.3780000416017575
0,8,0.8537123194444498
0,8,0.8815576850175394
0,8,0.8653218182427426
0,8,0.8738795178180305
0,8,-0.5383637993751405
0,8,0.9362510767341234
0,8,0.04277058692742966
0,8,0.21334491640990416
0,8,-0.4429784663326417
0,8,0.886504897331428
0,8,0.6355077776834694
0,8,0.7362147066734913
0,8,0.9094595669600377
0,8,0.8853971364909746
0,8,0.9920228290932841
0,8,0.7356178641560415
0,8,0.8421456810612792
0,8,0.914849554368429
0,8,-0.6285963986216291
0,8,0.7368361934437082
0,8,0.8121628743029081
0,8,0.8755877425143317
0,8,0.2453776883959533
0,8,0.8904857586492787
0,8,-0.3519098778801245
0,8,0.9656765244582958
0,8,0.35347632817450025
0,8,0.3780607420762301
0,8,-0.31096146389821666
0,8,0.89335937966509
0,8,0.6995884218286125
0,8,0.9683273101977513
0,8,0.9819961345766434
0,8,0.9458872570994724
0,8,0.6703454257507628
0,8,-0.14803798594019535
0,8,0.8923084101870964
0,8,0.8032113578048324
0,8,0.8778328339203433
0,8,0.6291209818763797
0,8,0.8571459544839132
0,8,0.9444671450526883
0,8,0.73698663134307
0,8,0.8855455303512428
0,8,-0.4816667912886588
0,8,0.8112994411510044
0,8,-0.2386204012794157
0,8,0.8988295614687293
0,8,0.6468427506261746
0,8,0.8808266538463551
0,8,-0.1358010907057339
0,8,0.9730100344719695
0,8,0.9594860552997784
0,8,0.5678502343484041
0,8,0.7648011908009423
0,8,0.8847864129855534
0,8,0.863146933841739
0,8,0.4908804275061178
0,8,0.9609827260722836
0,8,0.9633728780921873
0,8,0.8869987875390462
0,8,0.8274845852362466
0,8,0.6822631595940396
0,8,0.889317870064537
0,8,0.8741217445132327
0,8,0.8109277975240113
0,8,0.5489744451033802
0,8,-0.18423676282317974
0,8,0.8371699320851216
0,8,0.992073535350116
0,8,-0.25464778000997335
0,8,0.9249045632094922
0,8,0.9103137116053573
0,8,0.22868420752418156
0,8,-0.3765744872216187
0,8,0.6175901455550573
0,8,0.8924971119968916
0,8,0.6105292055857796
0,8,0.8309271313408005
0,8,0.8625676263852213
0,8,0.5417069042825445
0,8,0.6725485855204404
0,8,0.9605615413484857
0,8,0.8643144209151779
0,8,0.9144605075542843
0,8,-0.4612453715449118
0,8,0.2738148721595309
0,8,0.9040984550896543
0,8,-0.3276714196840656
0,8,0.921055282691714
0,8,0.3054973437093111
0,8,0.965091443231274
0,8,0.8581694040058159
0,8,0.8739381516423602
0,8,0.006101748260297024
0,8,0.6929058848137013
0,8,0.9357812183172463
0,8,-0.5494352510798413
0,8,-0.09376946917362489
0,8,0.9876272750918391
0,8,0.7734659989576008
0,8,0.7436826885622311
0,8,0.7559115996182142
0,8,0.8444591821738758
0,8,0.9489190125752113
0,8,0.7475593146260867
0,8,0.9325815490620984
0,8,0.6498015211966356
0,8,0.7243824857238716
0,8,0.6566787485828727
0,8,0.9735884470698056
0,8,0.9393135547358746
0,8,0.9438432055830795
0,8,0.7252056561054081
0,8,0.8476953908953979
0,8,0.9337378941287442
0,8,0.7402345098872752
0,8,0.8574265980249035
0,8,0.9845428806442554
0,8,0.8638118263493106
0,8,0.15874814485315902
0,8,-0.29810450903433594
0,8,-0.42237123328152937
0,8,0.9433757934148986
0,8,0.8784243622485404
0,8,0.9112853353650907
0,8,0.03137708212989865
0,8,0.9876906792723203
0,8,0.48704491105249925
0,8,0.024301661955709736
0,8,0.9792343300512995
0,8,0.8928520841435114
0,8,0.7340346836717259
0,8,0.7434824837453585
0,8,0.8791642213944595
0,8,-0.5434669207534987
0,8,0.8859948514149164
0,8,0.8512073609750744
0,8,0.10906973840573303
0,8,0.7309745523489959
0,8,0.6529127246484367
0,8,0.8527602501763419
0,8,0.8514827681363255
0,8,0.9279025511025709
0,8,-0.4407376301177143
0,8,0.9886231477065133
0,8,-0.21558364455931275
0,8,0.9668720701243337
0,8,0.8786157518455752
0,8,0.9157670502417444
0,8,0.591992704746428
0,8,0.6411003875325287
0,8,0.8631644926227385
0,8,-0.46516911755003104
0,8,0.7673010373647501
0,8,0.5839415372651856
0,8,0.955209215120585
0,8,0.8380672691653762
0,8,0.10564330242463166
0,8,0.9685014549437583
0,8,0.5766452287884666
0,8,0.2542399673708849
0,8,-0.1003866101385272
0,8,0.9866449694657753
0,8,0.8612531509039407
0,8,0.951604001575914
0,8,0.800212699143674
0,8,0.8836947297797024
0,8,-0.5989604006705418
0,8,-0.1348136924077823
0,8,-0.2808943709344912
0,8,0.6917884379884572
0,8,0.8877467782710186
0,8,0.892406026458702
0,8,0.7792418413352574
0,8,0.8776067071698873
0,8,0.8974280491225493
0,8,0.7471090061503352
0,8,0.9075044141518754
0,8,0.8312973962024995
0,8,0.8926914779072966
0,8,0.6623536975780092
0,8,0.8407273032856672
0,8,0.8930961553518888
0,8,0.8085075086488269
0,8,0.9385367794957226
0,8,0.07379522583037998
0,8,0.851754638567345
0,8,-0.317040748260441
0,8,0.7747327316100887
0,8,0.8631348840764008
0,8,0.794595093809963
0,8,0.7274834105936742
0,8,0.5839559112756728
0,8,0.5647321476735934
0,8,0.9761810254579908
0,8,0.8611446079913031
0,8,0.6726203843478219
0,8,0.618945326199594
0,8,0.9396904905976594
0,8,0.9419142260227946
0,8,0.9864559414193603
0,8,-0.129670251609234
0,8,0.9210874052711306
0,8,0.7270804929165604
0,8,0.7243990597403347
0,8,0.8804788739156615
0,8,0.5619703225522583
0,8,0.9368813829311956
0,8,0.7165016980932466
0,8,0.8588610149746763
0,8,0.6692484823875672
0,8,0.6266733287723322
0,8,0.6634781097580873
0,8,0.845972388552682
0,8,0.8150777790461621
0,8,0.45182274288175106
0,8,-0.05475611344058995
0,8,0.6674860041974623
0,8,0.8082041965824751
0,8,0.0644878384264699
0,8,0.6645276523744815
0,8,0.9906612608941241
0,8,-0.5712549216982159
0,8,0.8277393455636578
0,8,0.6182795030169033
0,8,-0.5983370770002503
0,8,0.654596857924604
0,8,0.7740129254147117
0,8,-0.08708334689690567
0,8,0.6945424154965762
0,8,0.6287046919075454
0,8,-0.41079821818375517
0,8,0.8392384991402287
0,8,-0.2048220262809765
0,8,0.6316755576912696
0,8,0.9631248103178464
0,8,-0.1466479452284244
0,8,0.802509573460538
0,8,0.9307023229805385
0,8,0.6449206280478352
0,8,0.7641672441746588
0,8,0.827790729108236
0,8,0.5890613372292429
0,8,-0.509198638382566
0,8,0.9483437856099127
0,8,0.2904186349079403
0,8,0.7414427607954029
0,8,-0.3402323635077723
0,8,0.6291650671667832
0,8,0.8961139544413067
0,8,0.6398410838280345
0,8,0.7630587188312947
0,8,0.9414191660405224
0,8,-0.21424802421931494
0,8,0.8760082413461887
0,8,0.7877980288930893
0,8,0.653941117430375
0,8,0.9571226440041842
0,8,0.844923111946206
0,8,0.9351986183375903
0,8,0.8665060744064903
0,8,0.8618607103560476
0,8,0.7608417316725298
0,8,0.1976019925744928
0,8,0.7430537950923555
0,8,0.9289081803095108
0,8,0.3354479561952277
0,8,0.6804212829059694
0,8,0.8458609758069884
0,8,-0.46551595252648414
0,8,-0.4671192208277293
0,8,0.8573126257719387
0,8,0.9733342357763519
0,8,0.9531790401493312
0,8,0.5814873532815416
0,8,0.786595050321496
0,8,0.930967533849717
0,8,0.13155994131786541
0,8,0.6230839950296012
0,8,0.9300311449661748
0,8,0.9546275812137706
0,8,0.6320620320343879
0,8,0.6363266405029312
0,8,0.7065784187159119
0,8,0.7160538410024833
0,8,0.6180982083060629
0,8,0.8609123620184234
0,8,-0.40763949922127296
0,8,0.9495627847213158
0,8,0.9592175942562271
0,8,0.7692848328525086
0,8,0.8248584892372237
0,8,0.9055981287460231
0,8,0.8549610710779776
0,8,0.8164739065719073
0,8,0.1816318987710307
0,8,0.6718110366818957
0,8,0.7417860485181025
0,8,0.4232870558805496
0,8,0.797198034482609
0,8,0.3684061321674822
0,8,-0.42155917392595055
0,8,0.7964477768310088
0,8,0.8302267198182809
0,8,0.7654642231879338
0,8,0.7023773039781367
0,8,0.5688509897666911
0,8,0.6376148358695145
0,8,0.4979927977801999
0,8,0.9493540156835638
0,8,0.9433244737241585
0,8,0.7271537403402649
0,8,0.8356511292583826
0,8,-0.25330358658661367
0,8,0.29327810096921203
0,8,0.856586172233562
0,8,-0.6439822880643521
0,8,0.32580849677908286
0,8,0.9691658080189468
0,8,-0.49720805872731255
0,8,0.9587873101860404
0,8,0.9596771842386598
0,8,0.8834227633828439
0,8,0.8509697699515181
0,8,0.1661016063958825
0,8,0.9012839558591673
0,8,0.9169379217609727
0,8,0.9661996701722647
0,8,0.9262792024727232
0,8,0.6130322489876469
0,8,0.632208441725317
0,8,0.7534419461057428
0,8,0.6911029765256198
0,8,0.8534596246598972
0,8,0.8811744526040783
0,8,0.9363933359849099
0,8,0.8884104389754477
0,8,-0.2956443192345417
0,8,0.7142343464584268
0,8,0.7521517773234851
0,8,-0.24019386986804542
0,8,0.9170994258749203
0,8,0.8298122716303289
0,8,0.688159264377951
0,8,0.6885928343778066
0,8,0.8494013993406672
0,8,0.6289658698457954
0,8,0.9341441498658763
0,8,0.24195499519617336
0,8,0.846296500035286
0,8,0.7894775169845283
0,8,0.7052503220349167
0,8,0.9288649304314044
0,8,0.8725834071319571
0,8,0.9175614727300044
0,8,0.8800359665186559
0,8,0.8795132768326538
0,8,0.9336748370002285
0,8,0.942817455192796
0,8,0.9157426987531256
0,8,0.7333430197932463
0,8,-0.3651629468149248
0,8,0.9851411654761194
0,8,0.7695515799774201
0,8,0.7801339415385458
0,8,0.8326027286333654
0,8,0.8506140046367372
0,8,-0.2089299330359911
0,8,0.5849249750048899
0,8,-0.08711185255207558
0,8,0.8709096514959618
0,8,0.17745059208573988
0,8,0.5950866570355163
0,8,0.9300603900230647
0,8,0.5591516509411757
0,8,0.97244668543905
0,8,0.8704481065755673
0,8,0.9634379541944101
0,8,0.8065307624775448
0,8,0.6938433475703716
0,8,0.4319426481525298
0,8,0.44318885949654674
0,8,0.9009850281749838
0,8,0.963534367855108
0,8,0.8877487747134452
0,8,0.7306972733710593
0,8,0.878957849827613
0,8,0.3108287308315116
0,8,-0.5494660844210149
0,8,0.8907773993768846
0,8,0.875291555046192
0,8,0.561983811221086
0,8,0.8254786059935666
0,8,0.7583980790062985
0,8,0.8736953249094147
0,8,0.3174852600062165
0,8,0.549066161042076
0,8,0.9194924763033859
0,8,0.9092806575753984
0,8,0.914210393891541
0,8,0.824576143700798
0,8,0.8380377592511791
0,8,0.7796670281057594
0,8,0.27192327947140255
0,8,0.9516509216148136
0,8,0.8592679451677857
0,8,0.6299007669768808
0,8,0.7117490753046949
0,8,0.5567931372844996
0,8,0.8795095317001879
0,8,0.9081640765299209
0,8,0.9559567282957692
0,8,0.9546688221842523
0,8,0.9361513618129
0,8,0.911535716867414
0,8,0.8481334069900965
0,8,0.8868710446626746
0,8,0.9761912445408446
0,8,0.2351807036647709
0,8,0.8413480535221279
0,8,0.26470373171824807
0,8,0.8959017420941519
0,8,0.9647643928311873
0,8,0.8817167094896201
0,8,0.8164447710117175
0,8,-0.45631475261744314
0,8,0.5385191806528088
0,8,0.9404033401744908
0,8,0.9563999737757926
0,8,0.9065566703350194
0,8,0.8322556077795272
0,8,0.8645874340855196
0,8,0.9489905410710859
0,8,0.9649952797298752
0,8,-0.46853423088140156
0,8,0.5238534381229238
0,8,0.5832671637291025
0,8,0.7547960066015805
0,8,0.4994073564092911
0,8,0.7706434144592056
0,8,0.8379450157123762
0,8,0.9268974011497932
0,8,0.7507908051342533
0,8,0.19148849276844276
0,8,0.9591221693171585
0,8,0.8866490953371814
0,8,0.7508289534413898
0,8,0.8635131093809879
0,8,0.9431589528936487
0,8,0.6341948610873227
0,8,-0.3777014517223524
0,8,0.9460579608918201
0,8,0.5659581770227575
0,8,0.6515134921622533
0,8,0.5761768425525717
0,8,-0.31724922219318263
0,8,-0.20890605170587337
0,8,0.5957469375384691
0,8,0.7509009633523664
0,8,-0.5149124600696807
0,8,0.7387494662273817
0,8,0.8717809925167287
0,8,0.9112024353752755
0,8,0.9740365958037798
0,8,0.9585640451721106
0,8,0.6178268813378583
0,8,-0.4483955244411762
0,8,0.9030501028163972
0,8,0.8818897854379057
0,8,0.6299202042431569
0,8,-0.026674510321051365
0,8,0.8417767732598438
0,8,0.8491552608389494
0,8,-0.3946892689300186
0,8,0.8096718895101497
0,8,0.7814773196294141
0,8,0.9063529780175021
0,8,0.8821613324042807
0,8,-0.5994942371878021
0,8,0.9488363981815318
0,8,0.7017068136299728
0,8,0.9331112698306598
0,8,0.9161998450746976
0,8,0.5776197767318637
0,8,0.7085701683845549
0,8,0.723056749531171
0,8,0.6010015017726986
0,8,0.7549652529801255
0,8,0.6479880989782595
0,8,-0.1170852133503419
0,8,0.9588783915798588
0,8,0.9900746218410799
0,8,-0.29216242226398226
0,8,0.8740013168648624
0,8,0.903545122850858
0,8,0.7692498330474534
0,8,0.8941541620998531
0,8,0.98939315496545
0,8,-0.12211523844538216
0,8,0.01848171449464761
0,8,-0.2731781253515297
0,8,-0.1796340107625597
0,8,0.8851938871879818
0,8,0.6221704553809287
0,8,0.9745997161411807
0,8,0.8341046532208946
0,8,0.7815801927539234
0,8,0.8712230177801391
0,8,0.7964442409670192
0,8,0.9328431353928407
0,8,0.4413677162134082
0,8,-0.5524825082998087
0,8,0.939162297380649
0,8,0.8940301929122046
0,8,0.9449453285092732
0,8,0.7921716655034766
0,8,0.8228586635370707
0,8,0.30813837283064494
0,8,0.882554596467849
0,8,0.8501286833760918
0,8,0.9846807090568618
0,8,0.7415882890367886
0,8,0.557999351804962
0,8,0.9160410642334607
0,8,0.7929477173882661
0,8,0.9049143007516658
0,8,0.8366849705790619
0,8,0.8909511408068241
0,8,0.933120176698517
0,8,0.6391108560607165
0,8,0.9075694127774592
0,8,0.9176027883482998
0,8,0.9480110445014287
0,8,0.8721506214704497
0,8,-0.48409372012088986
0,8,-0.10463852710446661
0,8,0.7821987619396323
0,8,0.9106547082293809
0,8,-0.2998916226063381
0,8,0.8982936502621856
0,8,0.7366914999630478
0,8,-0.6278296728441541
0,8,-0.39436227485411646
0,8,-0.5387169254902653
0,8,0.8514795495280759
0,8,0.9329784421374555
0,8,0.6668608091747376
0,8,0.8479959227103381
0,8,-0.34960311000000444
0,8,0.7032812300469735
0,8,0.9095400553180101
